awg;2012-11-05 23:59;1;1;"6 more hours #HALO4";;;#HALO4;"265604401505370113";https://twitter.com/parthdawg/status/265604401505370113
MeetKingCooper;2012-11-05 23:59;1;0;"http:// Pornhub.com hits gone be low tonite #nerds #halo4 release 2nite";;;#nerds #halo4;"265604393079025665";https://twitter.com/MeetKingCooper/status/265604393079025665
DanFo07;2012-11-05 23:59;0;0;"Since my #Halo4 is coming in the mail tomorrow, I'll be sending #Reach out in an appropriate form instead.";;;#Halo4 #Reach;"265604387450281984";https://twitter.com/DanFo07/status/265604387450281984
Downtowndunbar;2012-11-05 23:59;1;0;"#halo4";;;#halo4;"265604386582065154";https://twitter.com/Downtowndunbar/status/265604386582065154
MichaelWinner;2012-11-05 23:59;1;0;"Tomorrow is the biggest day in the history of this country. Please go out and get #Halo4";;;#Halo4;"265604382098329600";https://twitter.com/MichaelWinner/status/265604382098329600
Xantiriad;2012-11-05 23:59;1;0;"Over a hundred people at the @GAME_Canterbury Halo4 launch ...and a short dude as Master Chief as predicted. (not 9ft) http:// yfrog.com/gzdewqxoj";;@GAME_Canterbury;;"265604349567315968";https://twitter.com/Xantiriad/status/265604349567315968
Raf420;2012-11-05 23:59;0;0;"Bare long que at game so outside hmv hahaha #noque #halo4";;;#noque #halo4;"265604335021481985";https://twitter.com/Raf420/status/265604335021481985
Eddie_Giglio;2012-11-05 23:59;0;0;"#halo4 yes!!!!!!!!! pic.twitter.com/klVy6qg0";;;#halo4;"265604317514444801";https://twitter.com/Eddie_Giglio/status/265604317514444801
LaCaprianna;2012-11-05 23:59;2;1;"whos picking up #Halo4 tonight?";;;#Halo4;"265604316436520960";https://twitter.com/LaCaprianna/status/265604316436520960
Rab_Campbell;2012-11-05 23:59;0;0;"@JaaackPhelps too fucking right mate! #Halo4";;@JaaackPhelps;#Halo4;"265604301089550337";https://twitter.com/Rab_Campbell/status/265604301089550337
iiAmCreed;2012-11-05 23:59;0;0;"The guns are great, they sound amazing. Map design is great and the graphics are amazing. #Halo4 is pretty good.";;;#Halo4;"265604297071423489";https://twitter.com/iiAmCreed/status/265604297071423489
chadeusmaximus;2012-11-05 23:59;0;0;"@Mike_Dege look whats trending bitch #Halo4";;@Mike_Dege;#Halo4;"265604294957481985";https://twitter.com/chadeusmaximus/status/265604294957481985
JonRegehr;2012-11-05 23:59;1;0;"RT if your buying #halo4 !!";;;#halo4;"265604287894261761";https://twitter.com/JonRegehr/status/265604287894261761
AllThingsXbox;2012-11-05 23:59;0;2;"WHO'S READY FOR HALO 4!? #Halo4 pic.twitter.com/Ia0TPhCO";;;#Halo4;"265604281871253504";https://twitter.com/AllThingsXbox/status/265604281871253504
XRatedHamster;2012-11-05 23:59;0;0;"@BullyBrew Hopefully I'll be picking up Halo4 tomorrow, if so, I'll start with the campaign because I have never played the multiplayer lol";;@BullyBrew;;"265604281707687936";https://twitter.com/XRatedHamster/status/265604281707687936
Ziqo_;2012-11-05 23:59;1;0;"If i hadn’t played 3, Halo 4 just might’ve been the best game I’ve played. But I have played 3. #Halo4";;;#Halo4;"265604279878942720";https://twitter.com/Ziqo_/status/265604279878942720
16BitAnthony;2012-11-05 23:59;0;0;"#movember Day 5 #halo4 midnight launch. http:// instagr.am/p/Rqso5gKwG4/";;;#movember #halo4;"265604278293520384";https://twitter.com/16BitAnthony/status/265604278293520384
Torey_17;2012-11-05 23:59;0;2;"#Halo4 >>>>>";;;#Halo4;"265604275990843392";https://twitter.com/Torey_17/status/265604275990843392
thezoo99;2012-11-05 23:59;0;1;"#halo4";;;#halo4;"265604273826566144";https://twitter.com/thezoo99/status/265604273826566144
russownsthisone;2012-11-05 23:59;0;0;"#yeahmygirlfriend #whatsamelbournecup ? #halo4 danna_mac http:// instagr.am/p/RqsoNJi9Pp/";;;#yeahmygirlfriend #whatsamelbournecup #halo4;"265604273709129728";https://twitter.com/russownsthisone/status/265604273709129728
AP8_;2012-11-05 23:59;0;0;"R. I. P. to the competition #Halo4";;;#Halo4;"265604269581955073";https://twitter.com/AP8_/status/265604269581955073
BradGarst;2012-11-05 23:59;0;1;"Gotta fuel up before I return to the fight! #halo4 @Chipotle Mexican Grill http:// instagr.am/p/Rqsm8hqa4K/";;@Chipotle;#halo4;"265604253920419841";https://twitter.com/BradGarst/status/265604253920419841
EBGamesCanada;2012-11-05 23:59;8;2;"The recruits are lined up and ready #HALO4 pic.twitter.com/09NRjORN";;;#HALO4;"265604230658797569";https://twitter.com/EBGamesCanada/status/265604230658797569
robrymond;2012-11-05 23:59;1;0;"Nearly time... #halo4 pic.twitter.com/eCxgbcEl";;;#halo4;"265604230373584897";https://twitter.com/robrymond/status/265604230373584897
dcanoli;2012-11-05 23:59;0;0;"...and tell me again...why r we counting down the hours until Halo4 hits the streets??";;;;"265604224006643713";https://twitter.com/dcanoli/status/265604224006643713
TylerKempen;2012-11-05 23:59;0;0;"Finally! #halo4 http:// instagr.am/p/Rqsmn4PHhy/";;;#halo4;"265604217148960769";https://twitter.com/TylerKempen/status/265604217148960769
Lt_Drama;2012-11-05 23:59;0;0;"@FurrrSure wanna coop #Halo4 campaign?";;@FurrrSure;#Halo4;"265604209393680385";https://twitter.com/Lt_Drama/status/265604209393680385
gatorway;2012-11-05 23:59;0;2;"Noobs will be tebagged tonight! #halo4";;;#halo4;"265604208848412672";https://twitter.com/gatorway/status/265604208848412672
Stephanie_xX_;2012-11-05 23:59;2;0;"Was great fun playin #Halo4 @4damelane tonight tunes were pumpin @stevencooperdj";;@4damelane @stevencooperdj;#Halo4;"265604200581451776";https://twitter.com/Stephanie_xX_/status/265604200581451776
CameronBenzie;2012-11-05 23:59;3;0;"Halo4 all night...";;;;"265604196110303234";https://twitter.com/CameronBenzie/status/265604196110303234
KrullWithMe;2012-11-05 23:59;0;0;"5 hours and 1 min tell #halo4 #nerdstatus";;;#halo4 #nerdstatus;"265604194340331521";https://twitter.com/KrullWithMe/status/265604194340331521
bradical94;2012-11-05 23:59;0;1;"Tearing it up on reach, now time to rest up for #Halo4";;;#Halo4;"265604193899929600";https://twitter.com/bradical94/status/265604193899929600
AkiraTest72;2012-11-05 23:59;0;0;"Et voila, c'est le jour #Officiel de la sortie de #Halo4 ! Mon jeu préféré.Une grosse tuerie sa doit être (#Yoda#Powa). Oubliez pas ma chaine";;;#Officiel #Halo4 #Yoda #Powa;"265604191542706176";https://twitter.com/AkiraTest72/status/265604191542706176
derTIMSTER;2012-11-05 23:59;0;0;"Mr. Nice Guy @budnoob & Pad-Zerstörer @Bimon gab es gut gelaunt & ohne Star-Allüren. Ein kurzer Plausch war auch drin. Danke, Jungs! #Halo4";;@budnoob @Bimon;#Halo4;"265604188266971136";https://twitter.com/derTIMSTER/status/265604188266971136
chasepino;2012-11-05 23:59;0;0;"I CAN'T WAIT TO USE PROMETHEAN VISION. #halo4";;;#halo4;"265604180876619778";https://twitter.com/chasepino/status/265604180876619778
CCFCReese1927;2012-11-05 23:59;0;1;"@RhysGron91 cwtched up in bed warm #halo4 downstairs already";;@RhysGron91;#halo4;"265604179400196096";https://twitter.com/CCFCReese1927/status/265604179400196096
TrevLikeConcrts;2012-11-05 23:59;0;0;"I'm gonna hit 25K tweets tonight when i get #Halo4 it is certain.";;;#Halo4;"265604178817191936";https://twitter.com/TrevLikeConcrts/status/265604178817191936
nerdysometimes;2012-11-05 23:59;0;0;"#Halo4 only 6 hours :D";;;#Halo4;"265604173129740288";https://twitter.com/nerdysometimes/status/265604173129740288
ThaRealChester;2012-11-05 23:59;0;1;"5 hours. #Halo4";;;#Halo4;"265604160303546369";https://twitter.com/ThaRealChester/status/265604160303546369
Truly_Michael;2012-11-05 23:59;0;0;"#EvilAwakens at Midnight!!! I'm Ready. #Halo4 #Hype";;;#EvilAwakens #Halo4 #Hype;"265604157858254848";https://twitter.com/Truly_Michael/status/265604157858254848
N9nebr4kr;2012-11-05 23:59;0;0;"Midnight release of #Halo4 Male by chance, White by divine intervention, Gamer by choice.";;;#Halo4;"265604155538808832";https://twitter.com/N9nebr4kr/status/265604155538808832
emptygrxve;2012-11-05 23:58;1;2;"THE CHIEF IS BACK BABY FUCK YEAH!!!!!!!!!!!!!!!!!!!!!!!!!!!!!!!!!!!!!!!!!!!!!!!!!!!!!!!!!!!!!!!!!!!! #Halo4 #AncientEvilAwakens";;;#Halo4 #AncientEvilAwakens;"265604154003697666";https://twitter.com/emptygrxve/status/265604154003697666
BooTheBrain;2012-11-05 23:58;0;0;"Dame torrow halo4 cant wait !!";;;;"265604132625334274";https://twitter.com/BooTheBrain/status/265604132625334274
djhessss;2012-11-05 23:58;0;1;"i got the #halo4 limited edition… i don't even know what it comes with, guess ill see tonight..";;;#halo4;"265604120466042880";https://twitter.com/djhessss/status/265604120466042880
itsMyKey94;2012-11-05 23:58;0;0;"@Spawnnoyrenkjn ya il be doing full halo4 campaign play through & a BO2 Zombies campaign playthrough too :) as well as normal zombies & MP!!";;@Spawnnoyrenkjn;;"265604113935503360";https://twitter.com/itsMyKey94/status/265604113935503360
nathandabarett;2012-11-05 23:58;0;0;"F-Yea #Halo4";;;#Halo4;"265604109246279680";https://twitter.com/nathandabarett/status/265604109246279680
ChadHill34;2012-11-05 23:58;0;1;"I hate to say it, but I'm not leaving my house for awhile after tonight #halo4";;;#halo4;"265604107774070784";https://twitter.com/ChadHill34/status/265604107774070784
CameronPurcell;2012-11-05 23:58;0;0;"aaand #Halo4 is out aand im at home ..... -_-";;;#Halo4;"265604106486444032";https://twitter.com/CameronPurcell/status/265604106486444032
KamHochstetler;2012-11-05 23:58;1;0;"I bet #Halo4 will suck.";;;#Halo4;"265604080028774402";https://twitter.com/KamHochstetler/status/265604080028774402
GBM_Bailey;2012-11-05 23:58;0;0;"Time for some Deus Ex: Human Revolution, then the newest episode of #RedvsBlue and finally #EvilAwakens #John -117 in #Halo4 !";;;#RedvsBlue #EvilAwakens #John #Halo4;"265604073187848193";https://twitter.com/GBM_Bailey/status/265604073187848193
KyleClutch1;2012-11-05 23:58;0;0;"@AOTS Master Chief lives in my room #aots #halo4 http:// via.me/-6okrswe";;@AOTS;#aots #halo4;"265604068259553281";https://twitter.com/KyleClutch1/status/265604068259553281
stevenLlewellyn;2012-11-05 23:58;1;0;"@GAMECannock RT @stevenLlewellyn : Even Spartans want to get hold of Halo4 pic.twitter.com/ZeB55omL";;@GAMECannock @stevenLlewellyn;;"265604062425280512";https://twitter.com/stevenLlewellyn/status/265604062425280512
DownSelectStart;2012-11-05 23:58;0;0;"Glad for once I didn't need to queue for a big game and that I can sleep easy knowing my #Halo4 is already here";;;#Halo4;"265604062366539778";https://twitter.com/DownSelectStart/status/265604062366539778
Elnewyorican;2012-11-05 23:58;0;0;"31 & 13... Feeed mee moreee!!! Ahhhh #Halo4 WHO GON STOP ME HUHHHHHH?! http:// instagr.am/p/RqsirOoGlA/";;;#Halo4;"265604057677320192";https://twitter.com/Elnewyorican/status/265604057677320192
StephenDFletch;2012-11-05 23:58;0;1;"Wishing I had an XBOX...oh Chief how I miss you. #halo4";;;#halo4;"265604054560956417";https://twitter.com/StephenDFletch/status/265604054560956417
Plowman9;2012-11-05 23:58;0;0;"On a misson to carms to get Halo4 with@JDswarez #UNSC #excited";;@JDswarez;#UNSC #excited;"265604050463113216";https://twitter.com/Plowman9/status/265604050463113216
_iSeani_;2012-11-05 23:58;0;0;"I'm queuing in fucking tescos for halo4 what is my life coming to...";;;;"265604037582389249";https://twitter.com/_iSeani_/status/265604037582389249
joshkavanagh7;2012-11-05 23:58;1;0;"#halo4";;;#halo4;"265604025125310465";https://twitter.com/joshkavanagh7/status/265604025125310465
Commonwea1th;2012-11-05 23:58;0;0;"#Halo4 in 8 hrs!!";;;#Halo4;"265604014161395712";https://twitter.com/Commonwea1th/status/265604014161395712
AlexaDorelle;2012-11-05 23:58;0;0;"I finally watched Forward Unto Dawn. Wow...just, wow. #Halo4";;;#Halo4;"265604002853568512";https://twitter.com/AlexaDorelle/status/265604002853568512
sebby27;2012-11-05 23:58;0;0;"I really cant wait till this game #halo4";;;#halo4;"265603991285661696";https://twitter.com/sebby27/status/265603991285661696
TheEnd_Monkey;2012-11-05 23:58;0;0;"Halo 4 Tourney info here! http:// theendgamesblog.com/?p=84 #Halo4 #Charlottesville";;;#Halo4 #Charlottesville;"265603987561123840";https://twitter.com/TheEnd_Monkey/status/265603987561123840
Rotten_ICE;2012-11-05 23:58;0;0;"Kids in bed quick game of halo4 then I have to go to bed kids vs halo4 launch = kids win";;;;"265603974630092800";https://twitter.com/Rotten_ICE/status/265603974630092800
Nostalgic_Jo;2012-11-05 23:58;1;0;"Bought #Halo4 back in march, now I'm picking up @kpdoee to go grab it #stoked";;@kpdoee;#Halo4 #stoked;"265603973971578880";https://twitter.com/Nostalgic_Jo/status/265603973971578880
Mix1037radio;2012-11-05 23:58;0;0;"Better wait 'til 12 to play Halo4 , 'advanced copies' = instant XBOXlive bans. Same for gamers being sexist online. ~SR pic.twitter.com/Xu9w9TMW";;;;"265603973359235073";https://twitter.com/Mix1037radio/status/265603973359235073
104jaeden;2012-11-05 23:58;0;0;"HALO FUCKING 4 IS OUT IN 1MIN #halo4 #forwarduntodawn #masterchief #343";;;#halo4 #forwarduntodawn #masterchief #343;"265603971169796096";https://twitter.com/104jaeden/status/265603971169796096
hiighkiing;2012-11-05 23:58;1;2;"HALO 4 HALO 4 HALO 4. #omg #Halo4";;;#omg #Halo4;"265603968414146560";https://twitter.com/hiighkiing/status/265603968414146560
RyanThraves;2012-11-05 23:58;0;0;"Outside game in southend waiting for halo4 !!! #bigmotherfuckingnerd !";;;#bigmotherfuckingnerd;"265603959891304448";https://twitter.com/RyanThraves/status/265603959891304448
DonKress;2012-11-05 23:58;0;0;"#Halo4";;;#Halo4;"265603952920371200";https://twitter.com/DonKress/status/265603952920371200
brad_lockwood;2012-11-05 23:58;0;0;"#halo4";;;#halo4;"265603947891408896";https://twitter.com/brad_lockwood/status/265603947891408896
DragonKnight709;2012-11-05 23:58;0;0;"#Halo4 !!!!!?!!??!??!! @HaloWaypoint";;@HaloWaypoint;#Halo4;"265603947123859456";https://twitter.com/DragonKnight709/status/265603947123859456
smapaul53;2012-11-05 23:58;0;3;"I'm not homeless I'm waiting for halo4 #halo4 pic.twitter.com/mEupQJSQ";;;#halo4;"265603926722748416";https://twitter.com/smapaul53/status/265603926722748416
emptygrxve;2012-11-05 23:57;0;0;"1 FUCKING MINUTE :D :D :D #Halo4 #AncientEvilAwakens";;;#Halo4 #AncientEvilAwakens;"265603896540528640";https://twitter.com/emptygrxve/status/265603896540528640
antfish_;2012-11-05 23:57;0;1;"Stoked to get halo4 tonight.";;;;"265603885849260032";https://twitter.com/antfish_/status/265603885849260032
NotDpass;2012-11-05 23:57;1;1;"Test, dinner, movie, Halo4 . #LFG";;;#LFG;"265603885664727041";https://twitter.com/NotDpass/status/265603885664727041
stevenLlewellyn;2012-11-05 23:57;1;0;"Even Spartans want to get hold of Halo4 pic.twitter.com/ZeB55omL";;;;"265603881474600960";https://twitter.com/stevenLlewellyn/status/265603881474600960
Mark_McFall;2012-11-05 23:57;0;0;"2 tvs 2 xboxs its about to go down! #halo4 #halo #xbox #xbox360 #gamerelease #videogames #multiplayer #insta http:// instagr.am/p/RqsTwVKyIb/";;;#halo4 #halo #xbox #xbox360 #gamerelease #videogames #multiplayer #insta;"265603860956065793";https://twitter.com/Mark_McFall/status/265603860956065793
TheTattedGenius;2012-11-05 23:57;0;0;"6 hours! #Halo4 #GamerTweet";;;#Halo4 #GamerTweet;"265603857864880128";https://twitter.com/TheTattedGenius/status/265603857864880128
itstirsocruz;2012-11-05 23:57;0;0;"#IFWEDATE I WANNA MARINATE AND BY MARINATE I MEAN WE YOU STROKIN MY TAIL WHILE IM WEARIN MY WILFRED COSTUME PLAYIN #HALO4";;;#IFWEDATE #HALO4;"265603844128518146";https://twitter.com/itstirsocruz/status/265603844128518146
SharpShotApollo;2012-11-05 23:57;0;0;"Menu song is soooo good. #Halo4";;;#Halo4;"265603839086977024";https://twitter.com/SharpShotApollo/status/265603839086977024
GAMEPortsmouth;2012-11-05 23:57;0;0;"Eagerly awaiting #Halo4 ! Two minutes! pic.twitter.com/lNN5sQjq";;;#Halo4;"265603838826926080";https://twitter.com/GAMEPortsmouth/status/265603838826926080
connoralax;2012-11-05 23:57;0;0;"Bring it #Halo4 pic.twitter.com/YA9dlWVB";;;#Halo4;"265603837778345986";https://twitter.com/connoralax/status/265603837778345986
_James_Reid;2012-11-05 23:57;0;0;"Hitler is at the midnight #Halo4 Launch in Craigavon. So's Falloon and Jordy P!!";;;#Halo4;"265603834066395136";https://twitter.com/_James_Reid/status/265603834066395136
FranckLassagne;2012-11-05 23:57;0;0;"L'ami @JulienChieze aux commandes... #halo4 pic.twitter.com/pTsvsuz2";;@JulienChieze;#halo4;"265603826529222656";https://twitter.com/FranckLassagne/status/265603826529222656
AtkinzM;2012-11-05 23:57;0;0;"@VelVelHoller Got awesome reviews, not enough cash though coz i need to renew my xbox live too so it'd cost me £80 :( not fair. #Halo4";;@VelVelHoller;#Halo4;"265603825950392320";https://twitter.com/AtkinzM/status/265603825950392320
arunkarra_;2012-11-05 23:57;0;0;"They're doing a raffle outside. Chance to win the Halo xbox, Samsung notebook and the game! #Halo4 #Halo4Stratford pic.twitter.com/3STi5oNV";;;#Halo4 #Halo4Stratford;"265603820296478720";https://twitter.com/arunkarra_/status/265603820296478720
tommyknox;2012-11-05 23:57;0;0;"Good report card promise to my little man = me standing outside #gamestop for 3 or so hours to pickup #halo4 #goodjoblittleguy #isitoveryet ?";;;#gamestop #halo4 #goodjoblittleguy #isitoveryet;"265603813392658432";https://twitter.com/tommyknox/status/265603813392658432
Baldy17;2012-11-05 23:57;1;3;"The Chief just brushed past me. #Halo4 #Flailing";;;#Halo4 #Flailing;"265603810934808576";https://twitter.com/Baldy17/status/265603810934808576
_HaloProblems_;2012-11-05 23:57;2;1;"I can count the hours on one hand... #Pumped #Halo4";;;#Pumped #Halo4;"265603805167624193";https://twitter.com/_HaloProblems_/status/265603805167624193
JesterJezza;2012-11-05 23:57;1;0;"Waiting in line for #Halo4 ! @GAMELincolnArch pic.twitter.com/1f1Ydr8i";;@GAMELincolnArch;#Halo4;"265603804605591553";https://twitter.com/JesterJezza/status/265603804605591553
TheMahlan;2012-11-05 23:57;1;1;"@bradykorte gear up for halo 4 so we can get the penis emblem clan back together #halo4";;@bradykorte;#halo4;"265603803431190529";https://twitter.com/TheMahlan/status/265603803431190529
Adrian_sixbanga;2012-11-05 23:57;0;0;"" @infamousRic : just about 7 hours until Halo 4. #HALO4 #CHIEF #ForgetBlckOps "u are trippin its halo and black ops 2 togetha ma bbrothaa";;@infamousRic;#HALO4 #CHIEF #ForgetBlckOps;"265603802227417088";https://twitter.com/Adrian_sixbanga/status/265603802227417088
G0hanTheSaiyan;2012-11-05 23:57;0;0;"Anyone that's looking to play #Halo4 hit me up GohanTheSaiyan ill be playing all night long! Lets go!";;;#Halo4;"265603793406787584";https://twitter.com/G0hanTheSaiyan/status/265603793406787584
GAMEBrentwood;2012-11-05 23:57;0;0;"Evening Twitter'rs! I'm on the late - and it's all about to begin!! #reclaimersaga #halo4";;;#reclaimersaga #halo4;"265603786700124162";https://twitter.com/GAMEBrentwood/status/265603786700124162
TaraBrizzle;2012-11-05 23:57;1;0;"I am now standing in line for #Halo4 . Can't wait to have it inky hands.";;;#Halo4;"265603784099639296";https://twitter.com/TaraBrizzle/status/265603784099639296
MACK_IV;2012-11-05 23:57;0;0;"6pm Muh'fuckas already lined up #Halo4 #NerdLife #NoLife #MomImBusy http:// instagr.am/p/RqsI-_KURB/";;;#Halo4 #NerdLife #NoLife #MomImBusy;"265603776285650944";https://twitter.com/MACK_IV/status/265603776285650944
VyzieTaur;2012-11-05 23:57;0;1;"In the queue for #Halo4 :D";;;#Halo4;"265603768324878336";https://twitter.com/VyzieTaur/status/265603768324878336
Allante_ONeal;2012-11-05 23:57;0;0;"midnight can't come any faster. #Halo4";;;#Halo4;"265603754936631296";https://twitter.com/Allante_ONeal/status/265603754936631296
ak2489;2012-11-05 23:57;0;0;"#halo4 #game #hyped free hard case!!!! @Game http:// instagr.am/p/RqsXnQpjfI/";;@Game;#halo4 #game #hyped;"265603741837824000";https://twitter.com/ak2489/status/265603741837824000
trackheadJones;2012-11-05 23:57;0;0;"People are camping out at GameStop.... #halo4";;;#halo4;"265603739912634368";https://twitter.com/trackheadJones/status/265603739912634368
mick6721;2012-11-05 23:57;0;0;"Saw all of Halo4 :Forward Unto Dawn over the weekend.Someone please explain why we don't have a feature length Halo movie by now.";;;;"265603739778420736";https://twitter.com/mick6721/status/265603739778420736
nscottg;2012-11-05 23:57;0;0;"Gamestop in Frankfort is actually crowded #halo4";;;#halo4;"265603735772884992";https://twitter.com/nscottg/status/265603735772884992
tannerp38;2012-11-05 23:57;0;0;"The pieces are all coming together #Halo4 http:// instagr.am/p/Rqr4rFRKLI/";;;#Halo4;"265603729028427776";https://twitter.com/tannerp38/status/265603729028427776
Jedi_Jesus77;2012-11-05 23:57;0;0;"My cousin told me to go too the midnight release of Halo 4 , he said there is going to be bitches .... Lololol #NoBitchesAtGameStop #Halo4";;;#NoBitchesAtGameStop #Halo4;"265603690654728193";https://twitter.com/Jedi_Jesus77/status/265603690654728193
BasicJuan;2012-11-05 23:57;0;0;"Should I get #halo4 tonight or not? Ahhh 1st world problems.";;;#halo4;"265603689903951872";https://twitter.com/BasicJuan/status/265603689903951872
Stepto;2012-11-05 23:57;1;0;"Getting ready for Halo4 launch at The Domain Microsoft retail store in Austin. Come on by and see teh haloz!";;;;"265603686485594112";https://twitter.com/Stepto/status/265603686485594112
MichaelGarofal1;2012-11-05 23:57;0;0;"6 more hours chief!! I hope your 5 year sleep has been peaceful. #halo4 #nonoobsplease";;;#halo4 #nonoobsplease;"265603665455370240";https://twitter.com/MichaelGarofal1/status/265603665455370240
napoLeondynomyt;2012-11-05 23:57;0;0;"So... #Halo4 is the best shooter I've ever played";;;#Halo4;"265603660820656129";https://twitter.com/napoLeondynomyt/status/265603660820656129
Shermetaro;2012-11-05 23:57;0;0;"“ @OJTheThing : Kanye West says no one man should have "all that power" but someone already does, his names Master Chief #Halo4 ” Preach";;@OJTheThing;#Halo4;"265603655242248192";https://twitter.com/Shermetaro/status/265603655242248192
dandyydani;2012-11-05 23:56;0;0;"Decked out in my #UNSC gear for the #Halo4 midnight release. #stoked http:// instagr.am/p/RqsSQsFdTz/";;;#UNSC #Halo4 #stoked;"265603651823882240";https://twitter.com/dandyydani/status/265603651823882240
garysmith174;2012-11-05 23:56;0;1;"Guys let's all be serious, the most important thing happening tomorrow is #Halo4";;;#Halo4;"265603638976712704";https://twitter.com/garysmith174/status/265603638976712704
Gamr_8;2012-11-05 23:56;0;0;"Playing some #TF2 with @360GhostSlayer to keep my mind off of #Halo4";;@360GhostSlayer;#TF2 #Halo4;"265603636724391939";https://twitter.com/Gamr_8/status/265603636724391939
Thrive2003;2012-11-05 23:56;0;0;"Sweet! 8th in line for Halo 4!!! Can't wait to see the crowd later haha #halo4 #allnighter";;;#halo4 #allnighter;"265603636544016384";https://twitter.com/Thrive2003/status/265603636544016384
San_Andres_95;2012-11-05 23:56;0;0;"Bout to get my halo on tonight. #Halo4 #midnightevent #dontjudge";;;#Halo4 #midnightevent #dontjudge;"265603633893216256";https://twitter.com/San_Andres_95/status/265603633893216256
_MikesLife1_;2012-11-05 23:56;0;0;"Funny that people still haven't got #Halo4 yet. Being playing it all evening. #SlowPokeGamers";;;#Halo4 #SlowPokeGamers;"265603630718152704";https://twitter.com/_MikesLife1_/status/265603630718152704
emptygrxve;2012-11-05 23:56;0;0;"2 Mins :D #Halo4 #AncientEvilAwakens";;;#Halo4 #AncientEvilAwakens;"265603628998483970";https://twitter.com/emptygrxve/status/265603628998483970
Foshizzle69;2012-11-05 23:56;0;0;"MIDNIGHT #Halo4";;;#Halo4;"265603614750408704";https://twitter.com/Foshizzle69/status/265603614750408704
_ynohtna;2012-11-05 23:56;0;1;"Stc, y u no midnight release Halo4 :(";;;;"265603611491450880";https://twitter.com/_ynohtna/status/265603611491450880
brendan_bell11;2012-11-05 23:56;1;1;"Tomorrow is going to be a good day :) #3year #halo4 (in that order)";;;#3year #halo4;"265603610916839424";https://twitter.com/brendan_bell11/status/265603610916839424
_MaesHughes;2012-11-05 23:56;0;0;"I got gas money n I'll smoke u out #Halo4";;;#Halo4;"265603604323377154";https://twitter.com/_MaesHughes/status/265603604323377154
Marlokan;2012-11-05 23:56;1;1;"I think I'm losing my girlfriend for the next few days. Now taking Applications for a temporary replacement. #Halo4 @IzPandaface";;@IzPandaface;#Halo4;"265603601127309312";https://twitter.com/Marlokan/status/265603601127309312
Shewtah;2012-11-05 23:56;0;0;"Cannot get drunk. I am buzzed but I cannot get drunk. I have prior engagements to attend to. #Halo4";;;#Halo4;"265603599688671232";https://twitter.com/Shewtah/status/265603599688671232
braydee89;2012-11-05 23:56;0;0;"In the queue @gamedigital #halo4 http:// sdrv.ms/SQWrrb";;@gamedigital;#halo4;"265603599487344640";https://twitter.com/braydee89/status/265603599487344640
FranckLassagne;2012-11-05 23:56;0;0;"@Tomiiks @JulienChieze @cyriloo yeahhhhh #halo4";;@Tomiiks @JulienChieze @cyriloo;#halo4;"265603594290601985";https://twitter.com/FranckLassagne/status/265603594290601985
Curtis_Solum;2012-11-05 23:56;0;0;"Only one more day until #Halo4 will be in my possession!";;;#Halo4;"265603593128771585";https://twitter.com/Curtis_Solum/status/265603593128771585
LordJebe;2012-11-05 23:56;0;0;"@cliveXsXscout @Nak3dHalo Yeah, I wasn't certain if #Halo4 would be worth the shot";;@cliveXsXscout @Nak3dHalo;#Halo4;"265603588116598784";https://twitter.com/LordJebe/status/265603588116598784
milla_HIGHlife;2012-11-05 23:56;0;0;"@HysteriaVG let me know if halo4 is worth buying..if it plays like call of duty i dont want it";;@HysteriaVG;;"265603585964916736";https://twitter.com/milla_HIGHlife/status/265603585964916736
vizlahustla;2012-11-05 23:56;0;0;"How's #Halo4 not trending when its 4minutes from release?!? This is madness";;;#Halo4;"265603577928634369";https://twitter.com/vizlahustla/status/265603577928634369
NC71;2012-11-05 23:56;0;0;"Waiting in line for the midnight launch of Halo 4...not something you do everyday #halo4";;;#halo4;"265603577639227393";https://twitter.com/NC71/status/265603577639227393
JAGtheBrocode;2012-11-05 23:56;0;0;"I have a good feeling Obama will win this election. #Halo4";;;#Halo4;"265603561684103168";https://twitter.com/JAGtheBrocode/status/265603561684103168
itstirsocruz;2012-11-05 23:56;2;0;"DAT AWKWARD MOMENT WHEN YOU PLAYIN DA HALO WHEN YOU IZ DA HALO #HALO4";;;#HALO4;"265603551567429632";https://twitter.com/itstirsocruz/status/265603551567429632
arunkarra_;2012-11-05 23:56;1;0;"The setup #Halo4 #Halo4Stratford pic.twitter.com/cQXtXbMR";;;#Halo4 #Halo4Stratford;"265603548656594946";https://twitter.com/arunkarra_/status/265603548656594946
Plain_Old_Pill;2012-11-05 23:56;0;0;"5 hours #halo4";;;#halo4;"265603546408435712";https://twitter.com/Plain_Old_Pill/status/265603546408435712
pmpbg;2012-11-05 23:56;0;0;"Who else is getting #Halo4 tonight? Gt:MissStateDawg";;;#Halo4;"265603533892636672";https://twitter.com/pmpbg/status/265603533892636672
KruseControlOn;2012-11-05 23:56;0;0;"@iyiTweets sounds like a plan man #halo4";;@iyiTweets;#halo4;"265603521624289280";https://twitter.com/KruseControlOn/status/265603521624289280
rafthemaster;2012-11-05 23:56;0;0;"#haloman #Halo4 @gamepoole pic.twitter.com/y1VEnVwO";;@gamepoole;#haloman #Halo4;"265603518319181824";https://twitter.com/rafthemaster/status/265603518319181824
MarkyPancake;2012-11-05 23:56;0;0;"@HaloWaypoint @bsangel @AceyBongos @majornelson Not long now, love Swindon, UK: http:// yfrog.com/h88vpsuj #Halo4";;@HaloWaypoint @bsangel @AceyBongos @majornelson;#Halo4;"265603512816259073";https://twitter.com/MarkyPancake/status/265603512816259073
UNSC_PR;2012-11-05 23:56;0;1;"Five minutes everyone. #Halo4 #EvilAwakens .";;;#Halo4 #EvilAwakens;"265603487520403456";https://twitter.com/UNSC_PR/status/265603487520403456
Pizza93;2012-11-05 23:56;0;0;"@Stereoscopic_3D ho il pad di #Halo4 della 360 :D";;@Stereoscopic_3D;#Halo4;"265603486002065409";https://twitter.com/Pizza93/status/265603486002065409
moefadlallah;2012-11-05 23:56;0;0;"Anybody wanna goto gamestop with me at 830? #Halo4";;;#Halo4;"265603485360340992";https://twitter.com/moefadlallah/status/265603485360340992
StewartFlack;2012-11-05 23:56;0;0;"Long wait #Halo4 @_Selw00d @_Jeaton @jackbell_94 @robbieonslow aha";;@_Selw00d @_Jeaton @jackbell_94 @robbieonslow;#Halo4;"265603483699388416";https://twitter.com/StewartFlack/status/265603483699388416
_ishhtv;2012-11-05 23:56;0;1;"#Halo4";;;#Halo4;"265603482189451265";https://twitter.com/_ishhtv/status/265603482189451265
OpTicDi3seL;2012-11-05 23:56;22;2;"RT if you are getting that Halo4 all up in your life tonight!";;;;"265603472194420736";https://twitter.com/OpTicDi3seL/status/265603472194420736
Adam_Schoettler;2012-11-05 23:56;0;0;"“@EthanReis: People already camping out for #Halo4 at Best Buy... That's crazy. #butilikeit #cantwait ” devotion at its finest !";;@EthanReis;#Halo4 #butilikeit #cantwait;"265603470260838400";https://twitter.com/Adam_Schoettler/status/265603470260838400
0neHitWonderful;2012-11-05 23:56;1;0;"Tomorrow really is a big day #Halo4 and #ElectionDay";;;#Halo4 #ElectionDay;"265603468323086336";https://twitter.com/0neHitWonderful/status/265603468323086336
IAmCptRoman;2012-11-05 23:56;0;0;"@therealjbry example: cod is halo for black kids. (flashy, not fast paced, and trashy) halo4 is halo2 for black kids (list same reasons)";;@therealjbry;;"265603461087887360";https://twitter.com/IAmCptRoman/status/265603461087887360
kaale529;2012-11-05 23:56;0;0;"I hope everyone has fun voting tomorrow. I personally think we're screwed either way so I vote Master Chief. Halo 4 all day tomorrow. #Halo4";;;#Halo4;"265603460718817280";https://twitter.com/kaale529/status/265603460718817280
SeverOmega;2012-11-05 23:56;0;0;"Just bought 3 2liter bottles of Dew. 2 regular bottles for myself. And doritos. #ready for the #halo4 release";;;#ready #halo4;"265603455773728768";https://twitter.com/SeverOmega/status/265603455773728768
Hamo1312;2012-11-05 23:56;0;1;"Being a fanboy and getting halo at midnight, stocked up on curlywurlys for the long night ahead #HALO4";;;#HALO4;"265603452699287553";https://twitter.com/Hamo1312/status/265603452699287553
LukaSheehan;2012-11-05 23:56;0;0;"@Gamestratford #Halo4 launch is awesome! Free pizza! Great swag! Just awsome!!! #MidnightLaunch";;@Gamestratford;#Halo4 #MidnightLaunch;"265603441160765440";https://twitter.com/LukaSheehan/status/265603441160765440
ZforZephyn;2012-11-05 23:56;0;0;"#Halo4 Ya a salido oficialmente xDD ánimo @xDemen ya queda menos para el jueves jaja";;@xDemen;#Halo4;"265603439038443520";https://twitter.com/ZforZephyn/status/265603439038443520
Maxwell_Alvarez;2012-11-05 23:56;0;0;"#Halo4 comes out tonight... Looks like I better get some Xbox Live Gold! That is, unless someone is willing to give me some free time... Eh?";;;#Halo4;"265603438430285824";https://twitter.com/Maxwell_Alvarez/status/265603438430285824
BradWardFight;2012-11-05 23:56;0;0;"Apparently Sexism in #Halo4 earns you a lifetime ban";;;#Halo4;"265603434391166976";https://twitter.com/BradWardFight/status/265603434391166976
DonJuanG13;2012-11-05 23:56;0;0;"#Halo4 will be mine in less than 1 day... ;)";;;#Halo4;"265603431140573186";https://twitter.com/DonJuanG13/status/265603431140573186
TheTonyKell;2012-11-05 23:56;0;0;"You will be mines tonight!! Can't wait #halo4 #halo #games #swag http:// instagr.am/p/RqsPR_SJkj/";;;#halo4 #halo #games #swag;"265603422546436097";https://twitter.com/TheTonyKell/status/265603422546436097
emptygrxve;2012-11-05 23:56;0;0;"3 Mins :D #Halo4 #AncientEvilAwakens";;;#Halo4 #AncientEvilAwakens;"265603405442076673";https://twitter.com/emptygrxve/status/265603405442076673
JDswarez;2012-11-05 23:56;0;0;"Saddest thing we've ever done @Plowman9 #halo4";;@Plowman9;#halo4;"265603401277124609";https://twitter.com/JDswarez/status/265603401277124609
notrealmattmill;2012-11-05 23:56;1;1;"@JakeMiller615 baby bro is ready for #Halo4 are you? pic.twitter.com/VX2RWg3f";;@JakeMiller615;#Halo4;"265603398932500480";https://twitter.com/notrealmattmill/status/265603398932500480
vasquejeff;2012-11-05 23:55;1;0;"gonna go get #Halo4 tonight!";;;#Halo4;"265603391902842883";https://twitter.com/vasquejeff/status/265603391902842883
Flab_MGS;2012-11-05 23:55;0;0;"Work Midnight release, get home play Halo until 6am, 4hour power nap, back into Halo. #Halo4";;;#Halo4;"265603389864423424";https://twitter.com/Flab_MGS/status/265603389864423424
KatoKatonian;2012-11-05 23:55;0;0;"I know what I should be eating & drinking w/ #Halo4 but have any of the Presidential candidates indicated what my election snacks should be?";;;#Halo4;"265603384315371520";https://twitter.com/KatoKatonian/status/265603384315371520
MrJotaku;2012-11-05 23:55;1;0;"I wonder how many people are at @gamestop right now? #halo4";;@gamestop;#halo4;"265603383619092480";https://twitter.com/MrJotaku/status/265603383619092480
SpeedBrkr;2012-11-05 23:55;0;0;"VG NEWS: 5 Hours Left Until The Release Of Halo 4 On Tuesday Nov 6th! http:// halo.xbox.com/halo4 #Halo4 #343Industries #news";;;#Halo4 #343Industries #news;"265603374785904640";https://twitter.com/SpeedBrkr/status/265603374785904640
Jesse_Jrod;2012-11-05 23:55;0;1;"Halo 4 midnight launch tonight! #Halo4";;;#Halo4;"265603365151571968";https://twitter.com/Jesse_Jrod/status/265603365151571968
MoreConsole;2012-11-05 23:55;0;0;"5 freakin' minutes! #Halo4";;;#Halo4;"265603358616875008";https://twitter.com/MoreConsole/status/265603358616875008
jsteele_11;2012-11-05 23:55;0;0;"Masterchief for president #Halo4";;;#Halo4;"265603355861192704";https://twitter.com/jsteele_11/status/265603355861192704
Ozzstrich;2012-11-05 23:55;0;0;"5 minutes!! #halo4";;;#halo4;"265603349028691968";https://twitter.com/Ozzstrich/status/265603349028691968
_JakeParker;2012-11-05 23:55;0;1;"1st in queue #halo4 . @tomojackson14 @GrantBenham0995";;@tomojackson14 @GrantBenham0995;#halo4;"265603343836139520";https://twitter.com/_JakeParker/status/265603343836139520
Clay_Wilson43;2012-11-05 23:55;0;2;"I just might have to get #halo4";;;#halo4;"265603336403816449";https://twitter.com/Clay_Wilson43/status/265603336403816449
Bhailu_Patel;2012-11-05 23:55;0;0;"#Halo4 tomorrow!";;;#Halo4;"265603327549661184";https://twitter.com/Bhailu_Patel/status/265603327549661184
AlexanderDrake;2012-11-05 23:55;0;0;"Cunt stole first place from me… #halo4";;;#halo4;"265603319022628865";https://twitter.com/AlexanderDrake/status/265603319022628865
EnglishHaloBlog;2012-11-05 23:55;1;0;"FIVE MINUTES! #Halo4";;;#Halo4;"265603311087022081";https://twitter.com/EnglishHaloBlog/status/265603311087022081
DafJones567;2012-11-05 23:55;1;0;"@G_Wizzle_94 @filmcafe_steve the world is going to go into meltdown in 5 min #halo4";;@G_Wizzle_94 @filmcafe_steve;#halo4;"265603307341496320";https://twitter.com/DafJones567/status/265603307341496320
GamEHelmeT;2012-11-05 23:55;0;0;"I think I will be the only person not playing #halo4 tonight http:// instagr.am/p/RqsJ4du5lf/";;;#halo4;"265603306683002880";https://twitter.com/GamEHelmeT/status/265603306683002880
EnglishHaloBlog;2012-11-05 23:55;0;0;"SIX MINUTES! #Halo4";;;#Halo4;"265603302031507456";https://twitter.com/EnglishHaloBlog/status/265603302031507456
EnglishHaloBlog;2012-11-05 23:55;1;0;"SEVEN MINUTES! #Halo4";;;#Halo4;"265603300282486784";https://twitter.com/EnglishHaloBlog/status/265603300282486784
EnglishHaloBlog;2012-11-05 23:55;0;0;"EIGHT MINUTES! #Halo4";;;#Halo4;"265603298734772225";https://twitter.com/EnglishHaloBlog/status/265603298734772225
EnglishHaloBlog;2012-11-05 23:55;0;0;"NINE MINUTES! #Halo4";;;#Halo4;"265603297166127105";https://twitter.com/EnglishHaloBlog/status/265603297166127105
AgentKablamajam;2012-11-05 23:55;0;0;"@AOTS Dilemma! Vote or Pwn peeps on Halo 4. Now thats a decision! #Halo4 #ElectionDay #AOTS";;@AOTS;#Halo4 #ElectionDay #AOTS;"265603289452802048";https://twitter.com/AgentKablamajam/status/265603289452802048
SarahCasterline;2012-11-05 23:55;0;0;"@BrandonFasulka haha hell yes!:) #halo4";;@BrandonFasulka;#halo4;"265603286055403520";https://twitter.com/SarahCasterline/status/265603286055403520
DennisDahMenace;2012-11-05 23:55;0;0;"I've never been so excited for a game yet I can't get it #Halo4 #BrokeLife";;;#Halo4 #BrokeLife;"265603281806573569";https://twitter.com/DennisDahMenace/status/265603281806573569
BenOates90;2012-11-05 23:55;0;0;"Midnight release almost on us #Halo4 :D @GAMENewcastle pic.twitter.com/p1RtOZGG";;@GAMENewcastle;#Halo4;"265603251087482880";https://twitter.com/BenOates90/status/265603251087482880
IShootPixels;2012-11-05 23:55;0;0;"I'm voting tomorrow, but since I dislike both candidates,I'm penciling in a new one. #MasterChief #Halo4 @HaloWaypoint pic.twitter.com/7NGlaVqo";;@HaloWaypoint;#MasterChief #Halo4;"265603241709023232";https://twitter.com/IShootPixels/status/265603241709023232
TxDub05;2012-11-05 23:55;1;0;"@burrrady tomorrow can't get any better #kidinksingle #halo4";;@burrrady;#kidinksingle #halo4;"265603226764722177";https://twitter.com/TxDub05/status/265603226764722177
Ste_Carter91;2012-11-05 23:55;0;0;"Hope everyone gets their copy of Halo after queuing for it. I shall join the Halo crew once i have time & the mad review season is up #Halo4";;;#Halo4;"265603224931803136";https://twitter.com/Ste_Carter91/status/265603224931803136
KJRawks;2012-11-05 23:55;0;0;"@BarackObama wants me to play #Halo4 tomorrow? Yes sir, Mr. President.";;@BarackObama;#Halo4;"265603223027597315";https://twitter.com/KJRawks/status/265603223027597315
oilsandsChiver;2012-11-05 23:55;0;0;"is pumped for #Halo4 but I can't pick it up till tomorrow night, damn work lol #KCCO";;;#Halo4 #KCCO;"265603222830469120";https://twitter.com/oilsandsChiver/status/265603222830469120
SgtUSMC68;2012-11-05 23:55;0;0;"#Halo4 Wake up John";;;#Halo4;"265603220112539648";https://twitter.com/SgtUSMC68/status/265603220112539648
mmears527;2012-11-05 23:55;0;1;"1st in line for #Halo4";;;#Halo4;"265603207999418368";https://twitter.com/mmears527/status/265603207999418368
OJTheThing;2012-11-05 23:55;0;2;"Kanye West says no one man should have "all that power" but someone already does, his names Master Chief #Halo4";;;#Halo4;"265603204388122624";https://twitter.com/OJTheThing/status/265603204388122624
DirkDeadeye;2012-11-05 23:55;0;0;"@aethyal @NextGenTactics Machinima can claim Halo4 . Well, at least that's what I've been told.";;@aethyal @NextGenTactics;;"265603203893170176";https://twitter.com/DirkDeadeye/status/265603203893170176
Green3yz;2012-11-05 23:55;0;0;"Excited for #halo4 2moro! Woooo!";;;#halo4;"265603185811550209";https://twitter.com/Green3yz/status/265603185811550209
GopherX;2012-11-05 23:55;0;0;"Walked past a game store on the way to work to see people queuing for #Halo4 and playing the multiplayer! It's not fair I want to play!";;;#Halo4;"265603184872001536";https://twitter.com/GopherX/status/265603184872001536
KittiNinja;2012-11-05 23:55;0;0;"@leondoell #nerdnews about #Halo4 way better!!!! :D @HaloWaypoint";;@leondoell @HaloWaypoint;#nerdnews #Halo4;"265603166756798464";https://twitter.com/KittiNinja/status/265603166756798464
Pandalicious1;2012-11-05 23:55;1;0;"And now the wait begins. #halo4";;;#halo4;"265603166211559427";https://twitter.com/Pandalicious1/status/265603166211559427
officialalex97;2012-11-05 23:55;0;0;"#Halo4 thanks to my mam I can't get Xbox live :( I WANNA PLAY HALO";;;#Halo4;"265603163468492800";https://twitter.com/officialalex97/status/265603163468492800
danknight93;2012-11-05 23:55;0;0;"Stood in gamestation #nerd #halo4";;;#nerd #halo4;"265603154949857283";https://twitter.com/danknight93/status/265603154949857283
Emma_OFarrellTV;2012-11-05 23:55;0;0;"Great to work at the Xbox Halo 4 launch! Great turn out and venue looked fantastic! Fab job done by all involved! #halo4 #xbox #dublin";;;#halo4 #xbox #dublin;"265603152433254400";https://twitter.com/Emma_OFarrellTV/status/265603152433254400
Viva_La_Nina;2012-11-05 23:54;0;0;"The great debate: Get #Halo4 tonight, or wait until tomorrow?";;;#Halo4;"265603144896090112";https://twitter.com/Viva_La_Nina/status/265603144896090112
kurtbillard;2012-11-05 23:54;0;0;"I'm literally on the road to #Halo4 . 250km out.";;;#Halo4;"265603125187055616";https://twitter.com/kurtbillard/status/265603125187055616
TimothyTweeted;2012-11-05 23:54;1;0;"Halo4 Tonight. It's Real.";;;;"265603124318846979";https://twitter.com/TimothyTweeted/status/265603124318846979
lostatcore;2012-11-05 23:54;0;0;"And hour and a half at the front of the queue to be pushed away by people who run to a shop door? Idiots. #Halo4";;;#Halo4;"265603120711745536";https://twitter.com/lostatcore/status/265603120711745536
Deadlegacy;2012-11-05 23:54;0;0;"Hm ich weiß nicht ob ich mir noch Halo4 besorgen soll";;;;"265603120476860416";https://twitter.com/Deadlegacy/status/265603120476860416
_itsArtiStic;2012-11-05 23:54;0;0;"#Halo4 tonight not going to sleep";;;#Halo4;"265603115280125952";https://twitter.com/_itsArtiStic/status/265603115280125952
ohsnapitsdylan;2012-11-05 23:54;0;0;"#lessgo #Halo4";;;#lessgo #Halo4;"265603114357387265";https://twitter.com/ohsnapitsdylan/status/265603114357387265
JFallorinn;2012-11-05 23:54;0;1;"I wanna get #Halo4 already. This is gonna be a long day.";;;#Halo4;"265603106799251456";https://twitter.com/JFallorinn/status/265603106799251456
haloathon;2012-11-05 23:54;1;1;"According to the Xbox dashboard, there is only 5 minutes until the UK launch of #Halo4";;;#Halo4;"265603104286842882";https://twitter.com/haloathon/status/265603104286842882
therealjoelupo;2012-11-05 23:54;1;1;"#MasterChief4Prez #Halo4";;;#MasterChief4Prez #Halo4;"265603103955513344";https://twitter.com/therealjoelupo/status/265603103955513344
Just_Dan92;2012-11-05 23:54;0;0;"5 minutes till #Halo4";;;#Halo4;"265603100067393536";https://twitter.com/Just_Dan92/status/265603100067393536
VSKinGZ;2012-11-05 23:54;0;0;"D'autres suivront les élections US moi je serai sur #Halo4";;;#Halo4;"265603090147852288";https://twitter.com/VSKinGZ/status/265603090147852288
oArctic;2012-11-05 23:54;0;1;"#Halo4 I can almost feel it.";;;#Halo4;"265603079817285632";https://twitter.com/oArctic/status/265603079817285632
Bearded_Z0mbie;2012-11-05 23:54;0;0;"@_MyNamesBen oi fort u woulf be getting halo4 ?";;@_MyNamesBen;;"265603073873960960";https://twitter.com/Bearded_Z0mbie/status/265603073873960960
ak2489;2012-11-05 23:54;0;0;"#Halo4 at #GAME hyped!";;;#Halo4 #GAME;"265603050977251328";https://twitter.com/ak2489/status/265603050977251328
Alisooon94;2012-11-05 23:54;2;1;"Someone buy me #Halo4 .. pleaaase & thank youu !";;;#Halo4;"265603044123762688";https://twitter.com/Alisooon94/status/265603044123762688
_sheff;2012-11-05 23:54;0;0;"sat staring at my tv waiting for @cwurtles to return from asda with his #Halo4 despite the fact he pre-ordered it off amazon..";;@cwurtles;#Halo4;"265603035361849344";https://twitter.com/_sheff/status/265603035361849344
brianflaman;2012-11-05 23:54;4;0;"Welcome aboard the UNSC INFINTY. #halo4 #gamernation #mosaicxm @The UNSC INFINITY- Halo 4 Launch http:// instagr.am/p/RqsDR7FJgN/";;@The;#halo4 #gamernation #mosaicxm;"265603034472660993";https://twitter.com/brianflaman/status/265603034472660993
oshititsalethia;2012-11-05 23:54;0;0;"Halo4 midnight release >> work";;;;"265603029091368961";https://twitter.com/oshititsalethia/status/265603029091368961
WWECenaOrtonFan;2012-11-05 23:54;0;0;"#HALO4 RT if ur Hyped!!";;;#HALO4;"265603024469250048";https://twitter.com/WWECenaOrtonFan/status/265603024469250048
mymedicaldiary;2012-11-05 23:54;0;0;"Still feeling well and halo4 comes 2moro so at least ill have something to do when I'm chemoed";;;;"265603018274267136";https://twitter.com/mymedicaldiary/status/265603018274267136
justinmolfese;2012-11-05 23:54;0;1;"yup, I'm excited :) #halo4 http:// instagr.am/p/RqsFZCzLVu/";;;#halo4;"265603010221182977";https://twitter.com/justinmolfese/status/265603010221182977
CarlosTorresM88;2012-11-05 23:54;0;0;"On my way to buy #Halo4";;;#Halo4;"265603003329953792";https://twitter.com/CarlosTorresM88/status/265603003329953792
edirgarcia;2012-11-05 23:54;0;0;"They are already selling #Halo4 at the Microsoft Company Store. Rumor says the line goes all around the building. I'm here stuck at work.";;;#Halo4;"265603000792383488";https://twitter.com/edirgarcia/status/265603000792383488
Tbokes;2012-11-05 23:54;0;0;"These next 5 hours need to speed the fuck up... #Halo4";;;#Halo4;"265602999404068864";https://twitter.com/Tbokes/status/265602999404068864
OriginalTweety;2012-11-05 23:54;0;0;"Hurry Up #Halo4 ! :D";;;#Halo4;"265602990629584896";https://twitter.com/OriginalTweety/status/265602990629584896
szojkasauce;2012-11-05 23:54;1;2;"Midnight come sooner #halo4";;;#halo4;"265602962943008768";https://twitter.com/szojkasauce/status/265602962943008768
SgtUSMC68;2012-11-05 23:54;0;0;"#Halo4 6 hous 17 mins WoW http:// usmc54.wix.com/halofansforlif e#!home/mainPage …";;;#Halo4 #;"265602962427113473";https://twitter.com/SgtUSMC68/status/265602962427113473
finnwh;2012-11-05 23:54;0;1;"@mkthorn I would but.................................. HALO4 #imgay #judge #idgaf";;@mkthorn;#imgay #judge #idgaf;"265602954474713088";https://twitter.com/finnwh/status/265602954474713088
BrandonPCotter;2012-11-05 23:54;0;0;"@bungie @halowaypoint hopefully one of many #clutch moments I will have for #Halo4 !! pic.twitter.com/u8U3vSpe";;@bungie @halowaypoint;#clutch #Halo4;"265602952830541824";https://twitter.com/BrandonPCotter/status/265602952830541824
TaylorG_;2012-11-05 23:54;0;0;"Midnight release tonight, gonna be a long night! #Halo4";;;#Halo4;"265602951173771264";https://twitter.com/TaylorG_/status/265602951173771264
milkslice;2012-11-05 23:54;0;1;"Awkwardly waiting alone in Tescos for #Halo4";;;#Halo4;"265602942541897728";https://twitter.com/milkslice/status/265602942541897728
Frahmarz;2012-11-05 23:54;0;0;"I am so Nostalgic right now. Just looking back at all the Halo games and it is such an awesome series! #Halo4";;;#Halo4;"265602941262626816";https://twitter.com/Frahmarz/status/265602941262626816
METTAWORLDHAVOC;2012-11-05 23:54;0;0;"@DAaron890 you have halo4 and your playing combat evolved";;@DAaron890;;"265602928021233664";https://twitter.com/METTAWORLDHAVOC/status/265602928021233664
chicken1001;2012-11-05 23:54;0;0;"east coast, t-minus 5 hours! #Halo4";;;#Halo4;"265602924154064897";https://twitter.com/chicken1001/status/265602924154064897
Tpaige850;2012-11-05 23:54;0;0;"All of you in England are so lucky ;) #Halo4";;;#Halo4;"265602922128224256";https://twitter.com/Tpaige850/status/265602922128224256
itstirsocruz;2012-11-05 23:54;0;0;"#HALO4 WE IN DAT ASS ITS ALMOST TIME FO DA REZZURECTION OF 2PAC IN HIS NEW FORM HALO4PAC!!!!!!!!!";;;#HALO4;"265602920924475392";https://twitter.com/itstirsocruz/status/265602920924475392
yungalexe;2012-11-05 23:54;0;0;"#Halo4 tomorrow.";;;#Halo4;"265602915522191361";https://twitter.com/yungalexe/status/265602915522191361
GAMEGreatMouth;2012-11-05 23:54;0;0;"Does my face look halo in this?? #topdogpaintball down for the #halo4 launch at @GAMEGreatMouth pic.twitter.com/vVcskVpj";;@GAMEGreatMouth;#topdogpaintball #halo4;"265602909813764096";https://twitter.com/GAMEGreatMouth/status/265602909813764096
Alex_Obscene;2012-11-05 23:54;0;1;"I really want the Halo 4 edition xbox. #Halo4editionxbox #Halo4 http:// instagr.am/p/Rqr5_5Bt8c/";;;#Halo4editionxbox #Halo4;"265602908895191042";https://twitter.com/Alex_Obscene/status/265602908895191042
TheGreatTave;2012-11-05 23:54;1;0;"5 hours, 6 minutes and 15 seconds to go! #Halo4";;;#Halo4;"265602908781940736";https://twitter.com/TheGreatTave/status/265602908781940736
MikeHatesCats;2012-11-05 23:54;0;0;"7 fucking hours #Halo4 bitches";;;#Halo4;"265602899273461761";https://twitter.com/MikeHatesCats/status/265602899273461761
sentoan;2012-11-05 23:54;0;0;"Mañana empieza la viciada total, estaré off supongo XD #Halo4 http://www. youtube.com/watch?feature= player_embedded&v=NEEOdyqhziA#… !";;;#Halo4 #;"265602897465704448";https://twitter.com/sentoan/status/265602897465704448
emptygrxve;2012-11-05 23:53;0;0;"5 Mins :D #Halo4 #AncientEvilAwakens";;;#Halo4 #AncientEvilAwakens;"265602893988655104";https://twitter.com/emptygrxve/status/265602893988655104
geiwajima;2012-11-05 23:53;1;0;"AAAGGGGGHHHHHHHHH #Halo4";;;#Halo4;"265602883360260097";https://twitter.com/geiwajima/status/265602883360260097
g2sarge;2012-11-05 23:53;0;0;"Picking up #HALO4 tomorrow, and #BlackOpsII next week";;;#HALO4 #BlackOpsII;"265602876422893568";https://twitter.com/g2sarge/status/265602876422893568
ThatGuyJerry;2012-11-05 23:53;0;0;"@DFWTicketHunter See you online tonight around 12:15? #halo4";;@DFWTicketHunter;#halo4;"265602875504340993";https://twitter.com/ThatGuyJerry/status/265602875504340993
Midnite79;2012-11-05 23:53;0;0;"Tonight is the #HALO4 launch in our stores. Lot of work to be done. I think I would rather be doing demo for it then take calls. #JustSaying";;;#HALO4 #JustSaying;"265602854054666240";https://twitter.com/Midnite79/status/265602854054666240
xE_Shark;2012-11-05 23:53;0;0;"FUUUUUUUUUUUUUUUUU! NVRMIND FIRST 100! #HALO4 http:// instagr.am/p/Rqr4g6Qq2T/";;;#HALO4;"265602845640904704";https://twitter.com/xE_Shark/status/265602845640904704
awalker1219;2012-11-05 23:53;0;0;"5 hours 7 minutes... #Halo4";;;#Halo4;"265602844982390784";https://twitter.com/awalker1219/status/265602844982390784
DAnnice31;2012-11-05 23:53;0;0;"@ChrisGonzalez57 fml...tomorrow is the day that i lose you :/ #Halo4 #FriendshipLost :(";;@ChrisGonzalez57;#Halo4 #FriendshipLost;"265602844432945154";https://twitter.com/DAnnice31/status/265602844432945154
Spartan5848;2012-11-05 23:53;0;0;"Almost Game-Time!!!! #Halo4 !!!!! http:// instagr.am/p/RqsBRMQxAy/";;;#Halo4;"265602837633974272";https://twitter.com/Spartan5848/status/265602837633974272
TLDWrestling;2012-11-05 23:53;0;0;"#halo4 tomrorrow! Only #Microsoft product I like";;;#halo4 #Microsoft;"265602837495566337";https://twitter.com/TLDWrestling/status/265602837495566337
agoodier35;2012-11-05 23:53;0;0;"@WORICP halo4 ? :P";;@WORICP;;"265602837260685312";https://twitter.com/agoodier35/status/265602837260685312
lealjuanm;2012-11-05 23:53;0;0;"bonne lecture technologique #HALO4 Techno | Actualité | Le Journal de Québec http://www. journaldequebec.com/2012/10/31/lyt ro-revolution-photo …";;;#HALO4;"265602834786045954";https://twitter.com/lealjuanm/status/265602834786045954
OXMUK;2012-11-05 23:53;3;3;"Ready for midnight... #halo4 pic.twitter.com/n9EoOSrQ";;;#halo4;"265602825168506881";https://twitter.com/OXMUK/status/265602825168506881
MlGUELGA;2012-11-05 23:53;0;3;"I am so pumped to be anti social :) #halo4";;;#halo4;"265602822102458369";https://twitter.com/MlGUELGA/status/265602822102458369
sokoloko17;2012-11-05 23:53;2;0;"Are you prepared #Halo4 pic.twitter.com/3ezOZ5y6";;;#Halo4;"265602814812758016";https://twitter.com/sokoloko17/status/265602814812758016
LouiyGman;2012-11-05 23:53;1;0;"Gonna be a cold midnight release tonight. #halo4";;;#halo4;"265602812854038528";https://twitter.com/LouiyGman/status/265602812854038528
G_YO_VONNY;2012-11-05 23:53;0;0;"5 hours 7 minutes #Halo4";;;#Halo4;"265602807321743361";https://twitter.com/G_YO_VONNY/status/265602807321743361